{"cameraMode":{"drawMode":0,"name":"Shaded","section":"Shading Mode"},"sceneLighting":false,"audioPlay":false,"sceneViewState":{"showFog":true,"showMaterialUpdate":false,"showSkybox":false,"showFlares":true,"showImageEffects":true,"showParticleSystems":true},"in2DMode":false,"pivot":{"x":0.0,"y":0.0904988944530487,"z":-0.00021985545754432678},"rotation":{"x":-0.06450925022363663,"y":0.8940518498420715,"z":-0.13677802681922913,"w":-0.42166605591773989},"size":8.19999885559082,"orthographic":false}